journal,url,ISSN,eISSN,issn_value
Abia State University Medical Students' Association Journal,https://www.ajol.info/index.php/asumsaj,NA, 0794-6961, 0794-6961
Acta Structilia,https://www.ajol.info/index.php/actas, 1023-0564, 2415-0487, 1023-0564
Acta Structilia,https://www.ajol.info/index.php/actas, 1023-0564, 2415-0487, 2415-0487
Acta Theologica,https://www.ajol.info/index.php/actat, 1015-8758, 2309-9089, 1015-8758
Acta Theologica,https://www.ajol.info/index.php/actat, 1015-8758, 2309-9089, 2309-9089
Africa Development,https://www.ajol.info/index.php/ad,NA, 0850-3907, 0850-3907
Africa Insight,https://www.ajol.info/index.php/ai, 0256-2804, 1995-641X, 0256-2804
Africa Insight,https://www.ajol.info/index.php/ai, 0256-2804, 1995-641X, 1995-641X
Africa Sanguine,https://www.ajol.info/index.php/asan, 1560-8646,NA, 1560-8646
African Anthropologist,https://www.ajol.info/index.php/aa,NA, 1024-0969, 1024-0969
African Crop Science Journal,https://www.ajol.info/index.php/acsj, 1021-9730, 2072-6589, 1021-9730
African Crop Science Journal,https://www.ajol.info/index.php/acsj, 1021-9730, 2072-6589, 2072-6589
African Environment,https://www.ajol.info/index.php/ae,NA, 0850-8518, 0850-8518
African Health Sciences,https://www.ajol.info/index.php/ahs,NA, 1680-6905, 1680-6905
African Journal for Physical Activity and Health Sciences,https://www.ajol.info/index.php/ajpherd, 2411-6939,NA, 2411-6939
African Journal of AIDS Research,https://www.ajol.info/index.php/ajar, 1727-9445, 1608-5906, 1727-9445
African Journal of AIDS Research,https://www.ajol.info/index.php/ajar, 1727-9445, 1608-5906, 1608-5906
African Journal of Anaesthesia and Intensive Care,https://www.ajol.info/index.php/ajaic, 0794-2184, 0794-2184, 0794-2184
African Journal of Applied Zoology and Environmental Biology,https://www.ajol.info/index.php/ajazeb,NA, 1119-023X, 1119-023X
African Journal of Aquatic Science,https://www.ajol.info/index.php/ajas, 1608-5914, 1727-9364, 1608-5914
African Journal of Aquatic Science,https://www.ajol.info/index.php/ajas, 1608-5914, 1727-9364, 1727-9364
African Journal of Biomedical Research,https://www.ajol.info/index.php/ajbr, 1119-5096, 1119-5096, 1119-5096
African Journal of Biotechnology,https://www.ajol.info/index.php/ajb,NA, 1684-5315, 1684-5315
African Journal of Chemical Education,https://www.ajol.info/index.php/ajce, 2227-5835,NA, 2227-5835
African Journal of Clinical and Experimental Microbiology,https://www.ajol.info/index.php/ajcem,NA, 1595-689X, 1595-689X
African Journal of Cross-Cultural Psychology and Sport Facilitation,https://www.ajol.info/index.php/ajcpsf,NA, 1119-7056, 1119-7056
African Journal of Drug and Alcohol Studies,https://www.ajol.info/index.php/ajdas, 1531-4065, 1531-4065, 1531-4065
African Journal of Economic Policy,https://www.ajol.info/index.php/ajep,NA, 1116-4875, 1116-4875
African Journal of Economic Review,https://www.ajol.info/index.php/ajer, 1821-8148, 2453-5966, 1821-8148
African Journal of Economic Review,https://www.ajol.info/index.php/ajer, 1821-8148, 2453-5966, 2453-5966
African Journal of Educational Studies in Mathematics and Sciences,https://www.ajol.info/index.php/ajesms, 2508-1128,NA, 2508-1128
African Journal of Endocrinology and Metabolism,https://www.ajol.info/index.php/ajem, 1116-6495, 1116-6495, 1116-6495
African Journal of Environmental Science and Technology,https://www.ajol.info/index.php/ajest, 1996-0786, 1996-0786, 1996-0786
African Journal of Finance and Management,https://www.ajol.info/index.php/ajfm,NA, 0856-6372, 0856-6372
African Journal of Food and Nutritional Security,https://www.ajol.info/index.php/fns,NA, 1608-1366, 1608-1366
"African Journal of Food, Agriculture, Nutrition and Development",https://www.ajol.info/index.php/ajfand, 1684-5358, 1684-5374, 1684-5358
"African Journal of Food, Agriculture, Nutrition and Development",https://www.ajol.info/index.php/ajfand, 1684-5358, 1684-5374, 1684-5374
African Journal of Governance and Development,https://www.ajol.info/index.php/ajgd, 2218-5615,NA, 2218-5615
African Journal of Health Sciences,https://www.ajol.info/index.php/ajhs,NA, 1022-9272, 1022-9272
African Journal of Infectious Diseases,https://www.ajol.info/index.php/ajid,NA, 2006-0165, 2006-0165
African Journal of International Affairs,https://www.ajol.info/index.php/ajia,NA, 0850-7902, 0850-7902
"African Journal of Library, Archives and Information Science",https://www.ajol.info/index.php/ajlais,NA, 0795-4778, 0795-4778
African Journal of Livestock Extension,https://www.ajol.info/index.php/ajlex,NA, 1596-4019, 1596-4019
African Journal of Management Research,https://www.ajol.info/index.php/ajmr, 2343-6689, 2458-7435, 2343-6689
African Journal of Management Research,https://www.ajol.info/index.php/ajmr, 2343-6689, 2458-7435, 2458-7435
African Journal of Marine Science,https://www.ajol.info/index.php/ajms, 1814-232X, 1814-2338, 1814-232X
African Journal of Marine Science,https://www.ajol.info/index.php/ajms, 1814-232X, 1814-2338, 1814-2338
African Journal of Neurological Sciences,https://www.ajol.info/index.php/ajns, 1992-2647, 1015-8618, 1992-2647
African Journal of Neurological Sciences,https://www.ajol.info/index.php/ajns, 1992-2647, 1015-8618, 1015-8618
African Journal of Oral Health,https://www.ajol.info/index.php/ajoh,NA, 0189-5710, 0189-5710
African Journal of Oral Health Sciences,https://www.ajol.info/index.php/ajohs,NA, 1608-7232, 1608-7232
African Journal of Paediatric Nephrology,https://www.ajol.info/index.php/ajpn, 2354-4325,NA, 2354-4325
African Journal of Paediatric Surgery,https://www.ajol.info/index.php/ajps-n,NA, 0189-6725, 0189-6725
African Journal of Physiotherapy and Rehabilitation Sciences,https://www.ajol.info/index.php/ajprs,NA, 2141-8322, 2141-8322
African Journal of Political Science,https://www.ajol.info/index.php/ajps,NA, 1027-0353, 1027-0353
African Journal of Psychiatry,https://www.ajol.info/index.php/ajpsy,NA, 1994-8220, 1994-8220
African Journal of Range and Forage Science,https://www.ajol.info/index.php/ajrfs, 1022-0119, 1727-9380, 1022-0119
African Journal of Range and Forage Science,https://www.ajol.info/index.php/ajrfs, 1022-0119, 1727-9380, 1727-9380
African Journal of Reproductive Health,https://www.ajol.info/index.php/ajrh,NA, 1118-4841, 1118-4841
African Journal of Rheumatology,https://www.ajol.info/index.php/ajr, 2307-2482,NA, 2307-2482
African Journal of Science and Technology,https://www.ajol.info/index.php/ajst,NA, 1607-9949, 1607-9949
African Journal of Social Work,https://www.ajol.info/index.php/ajsw, 1563-3934, 2409-5605, 1563-3934
African Journal of Social Work,https://www.ajol.info/index.php/ajsw, 1563-3934, 2409-5605, 2409-5605
African Journal of Sustainable Development,https://www.ajol.info/index.php/ajsd, 2315-6317,NA, 2315-6317
"African Journal of Traditional, Complementary and Alternative Medicines",https://www.ajol.info/index.php/ajtcam,NA, 0189-6016, 0189-6016
African Journal of Tropical Hydrobiology and Fisheries,https://www.ajol.info/index.php/ajthf,NA, 0002-0036, 0002-0036
African Journal of Urology,https://www.ajol.info/index.php/aju,NA, 1110-5704, 1110-5704
African Journal on Conflict Resolution,https://www.ajol.info/index.php/ajcr,NA, 1562-6997, 1562-6997
African Research Review,https://www.ajol.info/index.php/afrrev, 1994-9057, 2070-0083, 1994-9057
African Research Review,https://www.ajol.info/index.php/afrrev, 1994-9057, 2070-0083, 2070-0083
African Review of Economics and Finance,https://www.ajol.info/index.php/aref, 2042-1478,NA, 2042-1478
African Safety Promotion: A Journal of Injury and Violence Prevention,https://www.ajol.info/index.php/asp,NA, 1728-774X, 1728-774X
African Sociological Review / Revue Africaine de Sociologie,https://www.ajol.info/index.php/asr,NA, 1027-4332, 1027-4332
African Studies Monographs,https://www.ajol.info/index.php/astumo,NA, 1119-7196, 1119-7196
African Zoology,https://www.ajol.info/index.php/az, 1562-7020, 2224-073X, 1562-7020
African Zoology,https://www.ajol.info/index.php/az, 1562-7020, 2224-073X, 2224-073X
Afrika Statistika,https://www.ajol.info/index.php/afst, 2316-090X,NA, 2316-090X
Afrimedic Journal,https://www.ajol.info/index.php/afrij, 2141-162X,NA, 2141-162X
Afrique Science: Revue Internationale des Sciences et Technologie,https://www.ajol.info/index.php/afsci,NA, 1813-548X, 1813-548X
AFRREV IJAH: An International Journal of Arts and Humanities,https://www.ajol.info/index.php/ijah, 2225-8590, 2227-5452, 2225-8590
AFRREV IJAH: An International Journal of Arts and Humanities,https://www.ajol.info/index.php/ijah, 2225-8590, 2227-5452, 2227-5452
"AFRREV LALIGENS: An International Journal of Language, Literature and Gender Studies",https://www.ajol.info/index.php/laligens, 2225-8604, 2227-5460, 2225-8604
"AFRREV LALIGENS: An International Journal of Language, Literature and Gender Studies",https://www.ajol.info/index.php/laligens, 2225-8604, 2227-5460, 2227-5460
AFRREV STECH: An International Journal of Science and Technology,https://www.ajol.info/index.php/stech, 2225-8612, 2227-5444, 2225-8612
AFRREV STECH: An International Journal of Science and Technology,https://www.ajol.info/index.php/stech, 2225-8612, 2227-5444, 2227-5444
Agricultural and Food Science Journal of Ghana,https://www.ajol.info/index.php/afsjg,NA, 0855-5591, 0855-5591
Agro-Science,https://www.ajol.info/index.php/as,NA, 1119-7455, 1119-7455
Agronomie Africaine,https://www.ajol.info/index.php/aga,NA, 1015-2288, 1015-2288
Agrosearch,https://www.ajol.info/index.php/agrosh,NA, 1117-9996, 1117-9996
Alexandria Journal of Medicine,https://www.ajol.info/index.php/bafm, 1110-0834, 2090-2948, 1110-0834
Alexandria Journal of Medicine,https://www.ajol.info/index.php/bafm, 1110-0834, 2090-2948, 2090-2948
AlQalam Journal of Medical and Applied Sciences,https://www.ajol.info/index.php/ajmas,NA, 2707-7179, 2707-7179
Anatomy Journal of Africa,https://www.ajol.info/index.php/aja, 2226-6054, 2305-9478, 2226-6054
Anatomy Journal of Africa,https://www.ajol.info/index.php/aja, 2226-6054, 2305-9478, 2305-9478
Animal Production Research Advances,https://www.ajol.info/index.php/apra,NA, 0794-4721, 0794-4721
Animal Research International,https://www.ajol.info/index.php/ari,NA, 1597-3115, 1597-3115
Annales Aequatoria,https://www.ajol.info/index.php/aq,NA, 0254-4296, 0254-4296
Annales des Sciences Agronomiques,https://www.ajol.info/index.php/asab,NA, 1659-5009, 1659-5009
Annals of African Medicine,https://www.ajol.info/index.php/aam,NA, 1596-3519, 1596-3519
Annals of African Surgery,https://www.ajol.info/index.php/aas, 1999-9674, 2523-0816, 1999-9674
Annals of African Surgery,https://www.ajol.info/index.php/aas, 1999-9674, 2523-0816, 2523-0816
Annals of Biomedical Sciences,https://www.ajol.info/index.php/abs,NA, 1596-6569, 1596-6569
Annals of Humanities and Development Studies,https://www.ajol.info/index.php/ahds, 2141-4343,NA, 2141-4343
Annals of Ibadan Postgraduate Medicine,https://www.ajol.info/index.php/aipm,NA, 1597-1627, 1597-1627
Annals of Medical and Health Sciences Research,https://www.ajol.info/index.php/amhsr, 2141-9248,NA, 2141-9248
Annals of Modern Education,https://www.ajol.info/index.php/ame, 2141-1263,NA, 2141-1263
Annals of Nigerian Medicine,https://www.ajol.info/index.php/anmed,NA, 0331-3131, 0331-3131
Annals of Pediatric Surgery,https://www.ajol.info/index.php/aps, 1687-4137, 1687-4137, 1687-4137
Arab Journal of Nephrology and Transplantation,https://www.ajol.info/index.php/ajnt, 1858-554X, 1858-554X, 1858-554X
Archives of Ibadan Medicine,https://www.ajol.info/index.php/aim,NA, 1467-6958, 1467-6958
Archives of Medical and Biomedical Research,https://www.ajol.info/index.php/ambr, 1694-2086, 1694-2078, 1694-2086
Archives of Medical and Biomedical Research,https://www.ajol.info/index.php/ambr, 1694-2086, 1694-2078, 1694-2078
ATBU Journal of Environmental Technology,https://www.ajol.info/index.php/atbu, 1596-6305,NA, 1596-6305
Bayero Journal of Medical Laboratory Science,https://www.ajol.info/index.php/bjmls, 2545-5672, 2635-3792, 2545-5672
Bayero Journal of Medical Laboratory Science,https://www.ajol.info/index.php/bjmls, 2545-5672, 2635-3792, 2635-3792
Bayero Journal of Pure and Applied Sciences,https://www.ajol.info/index.php/bajopas, 2006-6996, 2006-6996, 2006-6996
Benin Journal of Postgraduate Medicine,https://www.ajol.info/index.php/bjpm, 0795-0268, 0795-0268, 0795-0268
Bio-Research,https://www.ajol.info/index.php/br, 1596-7409, 2705-3822, 1596-7409
Bio-Research,https://www.ajol.info/index.php/br, 1596-7409, 2705-3822, 2705-3822
Biokemistri,https://www.ajol.info/index.php/biokem,NA, 0795-8080, 0795-8080
Botswana Journal of Economics,https://www.ajol.info/index.php/boje, 1810-0163, 1810-0163, 1810-0163
Botswana Journal of Technology,https://www.ajol.info/index.php/bjt,NA, 1019-1593, 1019-1593
Bowen Journal of Agriculture,https://www.ajol.info/index.php/bja,NA, 1597-2836, 1597-2836
Bulletin of Animal Health and Production in Africa,https://www.ajol.info/index.php/bahpa,NA, 0378-9721, 0378-9721
Bulletin of the Chemical Society of Ethiopia,https://www.ajol.info/index.php/bcse, 1011-3924, 1726-801X, 1011-3924
Bulletin of the Chemical Society of Ethiopia,https://www.ajol.info/index.php/bcse, 1011-3924, 1726-801X, 1726-801X
Caliphate Journal of Science and Technology,https://www.ajol.info/index.php/cajost, 2705-313X, 2705-3121, 2705-313X
Caliphate Journal of Science and Technology,https://www.ajol.info/index.php/cajost, 2705-313X, 2705-3121, 2705-3121
Cameroon Journal of Agricultural Science,https://www.ajol.info/index.php/cjas,NA, 1813-3320, 1813-3320
Cameroon Journal of Experimental Biology,https://www.ajol.info/index.php/cajeb,NA, 1816-0573, 1816-0573
Central African Journal of Medicine,https://www.ajol.info/index.php/cajm,NA, 0008-9176, 0008-9176
ChemSearch Journal,https://www.ajol.info/index.php/csj, 2276-707X, 2384-6028, 2276-707X
ChemSearch Journal,https://www.ajol.info/index.php/csj, 2276-707X, 2384-6028, 2384-6028
Clinics in Mother and Child Health,https://www.ajol.info/index.php/cmch, 1812-5840, 2090-7214, 1812-5840
Clinics in Mother and Child Health,https://www.ajol.info/index.php/cmch, 1812-5840, 2090-7214, 2090-7214
Communicate: Journal of Library and Information Science,https://www.ajol.info/index.php/cjlis, 1115-2664, 1115-2664, 1115-2664
Contemporary Journal of African Studies,https://www.ajol.info/index.php/contjas, 2343-6530,NA, 2343-6530
Continuing Medical Education,https://www.ajol.info/index.php/cme, 0256-2170, 2078-5143, 0256-2170
Continuing Medical Education,https://www.ajol.info/index.php/cme, 0256-2170, 2078-5143, 2078-5143
Counsellor (The),https://www.ajol.info/index.php/coun, 0189-0263,NA, 0189-0263
Creative Artist: A Journal of Theatre and Media Studies,https://www.ajol.info/index.php/cajtms, 2006-6910,NA, 2006-6910
Critical Arts,https://www.ajol.info/index.php/ca,NA, 0256-004, 0256-004
Critical Studies in Teaching and Learning,https://www.ajol.info/index.php/cristal,NA, 2310-7103, 2310-7103
Current Writing: Text and Reception in Southern Africa,https://www.ajol.info/index.php/cw, 1013-929X, 2159-9130, 1013-929X
Current Writing: Text and Reception in Southern Africa,https://www.ajol.info/index.php/cw, 1013-929X, 2159-9130, 2159-9130
Dar Es Salaam Medical Students' Journal,https://www.ajol.info/index.php/dmsj, 0856-7212, 0856-7212, 0856-7212
Democracy & Development: Journal of West African Affairs,https://www.ajol.info/index.php/dad,NA, 1465-0142, 1465-0142
Discovery and Innovation,https://www.ajol.info/index.php/dai,NA, 1015-079X, 1015-079X
East African Agricultural and Forestry Journal,https://www.ajol.info/index.php/eaafj,NA, 0012-8325, 0012-8325
East African Journal of Education and Social Sciences,https://www.ajol.info/index.php/eajess, 2714-2183, 2714-2132, 2714-2183
East African Journal of Education and Social Sciences,https://www.ajol.info/index.php/eajess, 2714-2183, 2714-2132, 2714-2132
East African Journal of Peace and Human Rights,https://www.ajol.info/index.php/eajphr,NA, 1021-8858, 1021-8858
East African Journal of Public Health,https://www.ajol.info/index.php/eajph,NA, 0856-8960, 0856-8960
East African Journal of Sciences,https://www.ajol.info/index.php/eajsci,NA, 1992-0407, 1992-0407
East African Journal of Statistics,https://www.ajol.info/index.php/eajosta,NA, 1811-7503, 1811-7503
East African Medical Journal,https://www.ajol.info/index.php/eamj,NA, 0012-835X, 0012-835X
East African Orthopaedic Journal,https://www.ajol.info/index.php/eaoj, 1994-1072, 1994-1072, 1994-1072
East Africa Science,https://www.ajol.info/index.php/easci, 2664-0996, 2664-1003, 2664-0996
East Africa Science,https://www.ajol.info/index.php/easci, 2664-0996, 2664-1003, 2664-1003
East and Central African Journal of Pharmaceutical Sciences,https://www.ajol.info/index.php/ecajps,NA, 1026-552X, 1026-552X
East and Central African Journal of Surgery,https://www.ajol.info/index.php/ecajs,NA, 2073-9990, 2073-9990
Eastern Africa Journal of Rural Development,https://www.ajol.info/index.php/eajrd,NA, 0377-7103, 0377-7103
Eastern Africa Social Science Research Review,https://www.ajol.info/index.php/eassrr, 1027-1775, 1684-4173, 1027-1775
Eastern Africa Social Science Research Review,https://www.ajol.info/index.php/eassrr, 1027-1775, 1684-4173, 1684-4173
Ebonyi Medical Journal,https://www.ajol.info/index.php/ebomed,NA, 1597-1260, 1597-1260
Edo Journal of Counselling,https://www.ajol.info/index.php/ejc, 2006-7593, 2006-7593, 2006-7593
Egyptian Journal of Biochemistry and Molecular Biology,https://www.ajol.info/index.php/ejbmb,NA, 1687-1502, 1687-1502
Egyptian Journal of Biology,https://www.ajol.info/index.php/ejb,NA, 1110-6859, 1110-6859
Egyptian Journal of Biomedical Sciences,https://www.ajol.info/index.php/ejbs2,NA, 1110-6379, 1110-6379
Egyptian Journal of Biotechnology,https://www.ajol.info/index.php/ejbiot,NA, 1110-6093, 1110-6093
Egyptian Journal of Hospital Medicine,https://www.ajol.info/index.php/ejhm, 1687-2002, 2090-7125, 1687-2002
Egyptian Journal of Hospital Medicine,https://www.ajol.info/index.php/ejhm, 1687-2002, 2090-7125, 2090-7125
Egyptian Journal of Medical Human Genetics,https://www.ajol.info/index.php/ejhg,NA, 1110-8630, 1110-8630
Egyptian Journal of Medical Laboratory Sciences,https://www.ajol.info/index.php/ejmls,NA, 1110-5593, 1110-5593
Egyptian Journal of Natural History,https://www.ajol.info/index.php/ejnh,NA, 1110-6867, 1110-6867
EJOTMAS: Ekpoma Journal of Theatre and Media Arts,https://www.ajol.info/index.php/ejotmas, 2006-1838, 2449-1179, 2006-1838
EJOTMAS: Ekpoma Journal of Theatre and Media Arts,https://www.ajol.info/index.php/ejotmas, 2006-1838, 2449-1179, 2449-1179
English in Africa,https://www.ajol.info/index.php/eia,NA, 0376-8902, 0376-8902
Environmental Technology and Science Journal,https://www.ajol.info/index.php/etsj, 2006-0459, 2705-3636, 2006-0459
Environmental Technology and Science Journal,https://www.ajol.info/index.php/etsj, 2006-0459, 2705-3636, 2705-3636
Equity Journal of Science and Technology,https://www.ajol.info/index.php/equijost, 2354-1814, 2682-5961, 2354-1814
Equity Journal of Science and Technology,https://www.ajol.info/index.php/equijost, 2354-1814, 2682-5961, 2682-5961
Ergonomics SA,https://www.ajol.info/index.php/esa, 1010-2728,NA, 1010-2728
ESARBICA Journal: Journal of the Eastern and Southern Africa Regional Branch of the International Council on Archives,https://www.ajol.info/index.php/esarjo,NA, 0376-4753, 0376-4753
Ethiopian Journal of Agricultural Sciences,https://www.ajol.info/index.php/ejas, 0257-2605, 2415-2382, 0257-2605
Ethiopian Journal of Agricultural Sciences,https://www.ajol.info/index.php/ejas, 0257-2605, 2415-2382, 2415-2382
Ethiopian Journal of Biological Sciences,https://www.ajol.info/index.php/ejbs,NA, 1819-8678, 1819-8678
Ethiopian Journal of Business and Economics (The),https://www.ajol.info/index.php/ejbe, 2311-9772, 2410-2393, 2311-9772
Ethiopian Journal of Business and Economics (The),https://www.ajol.info/index.php/ejbe, 2311-9772, 2410-2393, 2410-2393
Ethiopian Journal of Development Research,https://www.ajol.info/index.php/ejdr,NA, 0378-0813, 0378-0813
Ethiopian Journal of Economics,https://www.ajol.info/index.php/eje,NA, 1993-3681, 1993-3681
Ethiopian Journal of Education and Sciences,https://www.ajol.info/index.php/ejesc, 1998-8907,NA, 1998-8907
Ethiopian Journal of Environmental Studies and Management,https://www.ajol.info/index.php/ejesm,NA, 1998-0507, 1998-0507
Ethiopian Journal of Health Development,https://www.ajol.info/index.php/ejhd,NA, 1021-6790, 1021-6790
Ethiopian Journal of Health Sciences,https://www.ajol.info/index.php/ejhs, 1029-1857, 1029-1857, 1029-1857
Ethiopian Journal of Science and Technology,https://www.ajol.info/index.php/ejst, 1816-3378, 2312-6019, 1816-3378
Ethiopian Journal of Science and Technology,https://www.ajol.info/index.php/ejst, 1816-3378, 2312-6019, 2312-6019
Ethiopian Journal of the Social Sciences and Humanities,https://www.ajol.info/index.php/ejossah, 1810-4487, 2520-582X, 1810-4487
Ethiopian Journal of the Social Sciences and Humanities,https://www.ajol.info/index.php/ejossah, 1810-4487, 2520-582X, 2520-582X
Ethiopian Pharmaceutical Journal,https://www.ajol.info/index.php/epj,NA, 1029-5933, 1029-5933
Ethiopian Veterinary Journal,https://www.ajol.info/index.php/evj, 1683-6324, 2221-5034, 1683-6324
Ethiopian Veterinary Journal,https://www.ajol.info/index.php/evj, 1683-6324, 2221-5034, 2221-5034
"Filosofia Theoretica: Journal of African Philosophy, Culture and Religions",https://www.ajol.info/index.php/ft, 2276-8386, 2408-5987, 2276-8386
"Filosofia Theoretica: Journal of African Philosophy, Culture and Religions",https://www.ajol.info/index.php/ft, 2276-8386, 2408-5987, 2408-5987
FUOYE Journal of Engineering and Technology,https://www.ajol.info/index.php/fuoyejet, 2579-0625, 2579-0617, 2579-0625
FUOYE Journal of Engineering and Technology,https://www.ajol.info/index.php/fuoyejet, 2579-0625, 2579-0617, 2579-0617
FUTY Journal of the Environment,https://www.ajol.info/index.php/fje, 1597-8826, 1597-8826, 1597-8826
Gender and Behaviour,https://www.ajol.info/index.php/gab,NA, 1596-9231, 1596-9231
Ghana Journal of Agricultural Science,https://www.ajol.info/index.php/gjas,NA, 0855-0042, 0855-0042
Ghana Journal of Development Studies,https://www.ajol.info/index.php/gjds,NA, 0855-6768, 0855-6768
Ghana Journal of Forestry,https://www.ajol.info/index.php/gjf,NA, 0855-1707, 0855-1707
Ghana Journal of Geography,https://www.ajol.info/index.php/gjg, 0855-9414,NA, 0855-9414
Ghana Journal of Linguistics,https://www.ajol.info/index.php/gjl, 2026-6596,NA, 2026-6596
Ghana Journal of Science,https://www.ajol.info/index.php/gjs,NA, 0855-1448, 0855-1448
Ghana Library Journal,https://www.ajol.info/index.php/glj,NA, 0855-3033, 0855-3033
Ghana Medical Journal,https://www.ajol.info/index.php/gmj, 0016-9560,NA, 0016-9560
Ghana Mining Journal,https://www.ajol.info/index.php/gm,NA, 0855-210X, 0855-210X
Global Approaches to Extension Practice: A Journal of Agricultural Extension,https://www.ajol.info/index.php/gaep,NA, 0794-1005, 0794-1005
Global Journal of Agricultural Sciences,https://www.ajol.info/index.php/gjass,NA, 1596-2903, 1596-2903
Global Journal of Community Medicine,https://www.ajol.info/index.php/gjcm, 1597-9857, 1597-9857, 1597-9857
Global Journal of Educational Research,https://www.ajol.info/index.php/gjedr,NA, 1596-6224, 1596-6224
Global Journal of Engineering Research,https://www.ajol.info/index.php/gjer,NA, 1596-292X, 1596-292X
Global Journal of Environmental Sciences,https://www.ajol.info/index.php/gjes,NA, 1596-6194, 1596-6194
Global Journal of Geological Sciences,https://www.ajol.info/index.php/gjgs,NA, 1596-6798, 1596-6798
Global Journal of Humanities,https://www.ajol.info/index.php/gjh,NA, 1596-6232, 1596-6232
Global Journal of Mathematical Sciences,https://www.ajol.info/index.php/gjmas,NA, 1596-6208, 1596-6208
Global Journal of Medical Sciences,https://www.ajol.info/index.php/gjms,NA, 1596-2911, 1596-2911
Global Journal of Pure and Applied Sciences,https://www.ajol.info/index.php/gjpas,NA, 1118-0579, 1118-0579
Global Journal of Social Sciences,https://www.ajol.info/index.php/gjss,NA, 1596-6216, 1596-6216
Haramaya Law Review,https://www.ajol.info/index.php/hlr, 2227-2178, 2305-3739, 2227-2178
Haramaya Law Review,https://www.ajol.info/index.php/hlr, 2227-2178, 2305-3739, 2305-3739
Health SA Gesondheid,https://www.ajol.info/index.php/hsa, 1025-9848, 2071-9736, 1025-9848
Health SA Gesondheid,https://www.ajol.info/index.php/hsa, 1025-9848, 2071-9736, 2071-9736
Highland Medical Research Journal,https://www.ajol.info/index.php/hmrj,NA, 1596-2407, 1596-2407
HTS Teologiese Studies / Theological Studies,https://www.ajol.info/index.php/hts, 0259-9422, 2072-8050, 0259-9422
HTS Teologiese Studies / Theological Studies,https://www.ajol.info/index.php/hts, 0259-9422, 2072-8050, 2072-8050
Humanities Review Journal,https://www.ajol.info/index.php/hrj,NA, 1596-0749, 1596-0749
Huria: Journal of the Open University of Tanzania,https://www.ajol.info/index.php/huria,NA, 0856-6739, 0856-6739
Ibadan Journal of Humanistic Studies,https://www.ajol.info/index.php/ibjhs, 2141-9744,NA, 2141-9744
Ife Journal of Science,https://www.ajol.info/index.php/ijs,NA, 0794-4896, 0794-4896
IFE PsychologIA,https://www.ajol.info/index.php/ifep,NA, 1117-1421, 1117-1421
Ilorin Journal of Religious Studies,https://www.ajol.info/index.php/ijrs, 2141-7040,NA, 2141-7040
IMTU Medical Journal,https://www.ajol.info/index.php/imj, 1821-7613,NA, 1821-7613
Indilinga: African Journal of Indigenous Knowledge Systems,https://www.ajol.info/index.php/indilinga,NA, 1683-0296, 1683-0296
Indo-Pacific Journal of Phenomenology,https://www.ajol.info/index.php/ipjp, 2079-7222, 1445-7377, 2079-7222
Indo-Pacific Journal of Phenomenology,https://www.ajol.info/index.php/ipjp, 2079-7222, 1445-7377, 1445-7377
Information Impact: Journal of Information and Knowledge Management,https://www.ajol.info/index.php/iijikm, 2141-4297, 2360-994X, 2141-4297
Information Impact: Journal of Information and Knowledge Management,https://www.ajol.info/index.php/iijikm, 2141-4297, 2360-994X, 2360-994X
Information Manager (The),https://www.ajol.info/index.php/tim,NA, 1596-5422, 1596-5422
Information Technologist (The),https://www.ajol.info/index.php/ict,NA, 1597-4316, 1597-4316
Inkanyiso: Journal of Humanities and Social Sciences,https://www.ajol.info/index.php/ijhss,NA, 2077-2815, 2077-2815
Innovation,https://www.ajol.info/index.php/innovation,NA, 1025-8892, 1025-8892
International Journal of Agriculture and Rural Development,https://www.ajol.info/index.php/ijard,NA, 1595-9716, 1595-9716
International Journal of Applied Agriculture and Apiculture Research,https://www.ajol.info/index.php/ijaaar, 0331-5428,NA, 0331-5428
"International Journal of Basic, Applied and Innovative Research",https://www.ajol.info/index.php/ijbair, 2315-5388, 2384-681X, 2315-5388
"International Journal of Basic, Applied and Innovative Research",https://www.ajol.info/index.php/ijbair, 2315-5388, 2384-681X, 2384-681X
International Journal of Biological and Chemical Sciences,https://www.ajol.info/index.php/ijbcs, 1991-8631, 1997-342X, 1991-8631
International Journal of Biological and Chemical Sciences,https://www.ajol.info/index.php/ijbcs, 1991-8631, 1997-342X, 1997-342X
International Journal of Community Research,https://www.ajol.info/index.php/ijcr, 2315-6562, 2384-6828, 2315-6562
International Journal of Community Research,https://www.ajol.info/index.php/ijcr, 2315-6562, 2384-6828, 2384-6828
International Journal of Development and Management Review,https://www.ajol.info/index.php/ijdmr, 1597-9482, 2734-3316, 1597-9482
International Journal of Development and Management Review,https://www.ajol.info/index.php/ijdmr, 1597-9482, 2734-3316, 2734-3316
International Journal of Development and Policy Studies,https://www.ajol.info/index.php/qijdps,NA, 0795-0632, 0795-0632
International Journal of Educational Research,https://www.ajol.info/index.php/ijer,NA, 1595-8485, 1595-8485
International Journal of Emotional Psychology and Sport Ethics,https://www.ajol.info/index.php/ijepse,NA, 1119-7048, 1119-7048
"International Journal of Engineering, Science and Technology",https://www.ajol.info/index.php/ijest, 2141-2820, 2141-2839, 2141-2820
"International Journal of Engineering, Science and Technology",https://www.ajol.info/index.php/ijest, 2141-2820, 2141-2839, 2141-2839
International Journal of Health Research,https://www.ajol.info/index.php/ijhr,NA, 1596-9819, 1596-9819
International Journal of Herbs and Pharmacological Research,https://www.ajol.info/index.php/ijhpr, 2315-537X, 2384-6836, 2315-537X
International Journal of Herbs and Pharmacological Research,https://www.ajol.info/index.php/ijhpr, 2315-537X, 2384-6836, 2384-6836
International Journal of Malaria and Tropical Diseases (IJMTD),https://www.ajol.info/index.php/ijmtd,NA, 1596-3381, 1596-3381
International Journal of Medicine and Biomedical Research,https://www.ajol.info/index.php/ijmbr, 2277-0941, 2315-5019, 2277-0941
International Journal of Medicine and Biomedical Research,https://www.ajol.info/index.php/ijmbr, 2277-0941, 2315-5019, 2315-5019
International Journal of Medicine and Health Development,https://www.ajol.info/index.php/jcm,NA, 1118-2601, 1118-2601
International Journal of Modern Anthropology,https://www.ajol.info/index.php/ijma, 1737-7374, 1737-8176, 1737-7374
International Journal of Modern Anthropology,https://www.ajol.info/index.php/ijma, 1737-7374, 1737-8176, 1737-8176
International Journal of Natural and Applied Sciences,https://www.ajol.info/index.php/ijonas,NA, 0794-4713, 0794-4713
"International Journal of Pedagogy, Policy and ICT in Education",https://www.ajol.info/index.php/ijp, 2026-6081,NA, 2026-6081
International Journal of Tropical Agriculture and Food Systems,https://www.ajol.info/index.php/ijotafs,NA, 1597-913X, 1597-913X
Internet Journal of Medical Update - EJOURNAL,https://www.ajol.info/index.php/ijmu,NA, 1694-0423, 1694-0423
Italian Studies in Southern Africa/Studi d'Italianistica nell'Africa Australe,https://www.ajol.info/index.php/issa, 1012-2338, 2225-7039, 1012-2338
Italian Studies in Southern Africa/Studi d'Italianistica nell'Africa Australe,https://www.ajol.info/index.php/issa, 1012-2338, 2225-7039, 2225-7039
Jarida la Chama cha Lugha na Fasihi ya Kiswahili Tanzania (CHALUFAKITA),https://www.ajol.info/index.php/jclfkt, 2665-0789, 2591-7013, 2665-0789
Jarida la Chama cha Lugha na Fasihi ya Kiswahili Tanzania (CHALUFAKITA),https://www.ajol.info/index.php/jclfkt, 2665-0789, 2591-7013, 2591-7013
JASSA: Journal of Applied Science in Southern Africa,https://www.ajol.info/index.php/jassa,NA, 1019-7788, 1019-7788
Jos Journal of Medicine,https://www.ajol.info/index.php/jjm, 2006-0734, 2006-0734, 2006-0734
Journal de la Recherche Scientifique de l’Université de Lomé,https://www.ajol.info/index.php/jrsul, 1727-8651, 2413-354X, 1727-8651
Journal de la Recherche Scientifique de l’Université de Lomé,https://www.ajol.info/index.php/jrsul, 1727-8651, 2413-354X, 2413-354X
Journal des Sciences Pour l'Ingénieur,https://www.ajol.info/index.php/jspi,NA, 0851-4453, 0851-4453
Journal for Islamic Studies,https://www.ajol.info/index.php/jis,NA, 0257-7062, 0257-7062
Journal for Juridical Science,https://www.ajol.info/index.php/jjs, 0258-252X, 0258-252X, 0258-252X
Journal for Language Teaching,https://www.ajol.info/index.php/jlt,NA, 0259-9570, 0259-9570
Journal for the Study of Religion,https://www.ajol.info/index.php/jsr,NA, 1011-7601, 1011-7601
Journal of African Association of Physiological Sciences,https://www.ajol.info/index.php/jaaps, 2315-9987, 2449-108X, 2315-9987
Journal of African Association of Physiological Sciences,https://www.ajol.info/index.php/jaaps, 2315-9987, 2449-108X, 2449-108X
Journal of Agricultural Extension,https://www.ajol.info/index.php/jae, 1119-944X, 2408-6851, 1119-944X
Journal of Agricultural Extension,https://www.ajol.info/index.php/jae, 1119-944X, 2408-6851, 2408-6851
Journal of Agricultural Research and Development,https://www.ajol.info/index.php/jard,NA, 1596-5511, 1596-5511
Journal of Agriculture and Food Sciences,https://www.ajol.info/index.php/jafs,NA, 1597-1074, 1597-1074
Journal of Agriculture and Social Research (JASR),https://www.ajol.info/index.php/jasr,NA, 1595-7470, 1595-7470
"Journal of Agriculture, Forestry and the Social Sciences",https://www.ajol.info/index.php/joafss,NA, 1597-0906, 1597-0906
"Journal of Agriculture, Science and Technology",https://www.ajol.info/index.php/jagst,NA, 1561-7645, 1561-7645
Journal of Applied Biosciences,https://www.ajol.info/index.php/jab,NA, 1997-5902, 1997-5902
Journal of Applied Chemistry and Agricultural Research,https://www.ajol.info/index.php/jacar,NA, 1117-2894, 1117-2894
Journal of Applied Science and Technology,https://www.ajol.info/index.php/jast,NA, 0855-2215, 0855-2215
"Journal of Applied Science, Engineering and Technology",https://www.ajol.info/index.php/jaset,NA, 1596-3233, 1596-3233
Journal of Applied Sciences and Environmental Management,https://www.ajol.info/index.php/jasem, 1119-8362, 2659-1502, 1119-8362
Journal of Applied Sciences and Environmental Management,https://www.ajol.info/index.php/jasem, 1119-8362, 2659-1502, 2659-1502
Journal of Aquatic Sciences,https://www.ajol.info/index.php/jas,NA, 0189-8779, 0189-8779
Journal of Basic and Clinical Reproductive Sciences,https://www.ajol.info/index.php/jbcrs, 2278-960X, 2320-2041, 2278-960X
Journal of Basic and Clinical Reproductive Sciences,https://www.ajol.info/index.php/jbcrs, 2278-960X, 2320-2041, 2320-2041
Journal of Biomedical Investigation,https://www.ajol.info/index.php/jbi,NA, 1597-0043, 1597-0043
Journal of Building and Land Development,https://www.ajol.info/index.php/jbld,NA, 0856-0501, 0856-0501
Journal of Business and Administrative Studies,https://www.ajol.info/index.php/jbas, 2077-3420, 2077-3420, 2077-3420
Journal of Business Research,https://www.ajol.info/index.php/jbr,NA, 0148-2963, 0148-2963
Journal of Child and Adolescent Mental Health,https://www.ajol.info/index.php/jcamh, 1728-0583, 1728-0591, 1728-0583
Journal of Child and Adolescent Mental Health,https://www.ajol.info/index.php/jcamh, 1728-0583, 1728-0591, 1728-0591
Journal of Civil Engineering Research and Practice,https://www.ajol.info/index.php/jcerp,NA, 1729-5769, 1729-5769
"Journal of Civil Engineering, JKUAT",https://www.ajol.info/index.php/jce,NA, 1562-6121, 1562-6121
Journal of Community Medicine and Primary Health Care,https://www.ajol.info/index.php/jcmphc,NA, 0794-7410, 0794-7410
Journal of Computer Science and Its Application,https://www.ajol.info/index.php/jcsia, 2006-5523, 2006-5523, 2006-5523
Journal of Consumer Sciences,https://www.ajol.info/index.php/jfecs,NA, 0378-5254, 0378-5254
Journal of Cultural Studies,https://www.ajol.info/index.php/jcs,NA, 1595-0956, 1595-0956
Journal of Development and Communication Studies,https://www.ajol.info/index.php/jdcs, 2305-7432,NA, 2305-7432
Journal of East African Natural History,https://www.ajol.info/index.php/jeanh, 0012-8317, 1026-1613, 0012-8317
Journal of East African Natural History,https://www.ajol.info/index.php/jeanh, 0012-8317, 1026-1613, 1026-1613
Journal of Educational Foundations,https://www.ajol.info/index.php/jef, 1119-9210,NA, 1119-9210
"Journal of Endocrinology, Metabolism and Diabetes of South Africa",https://www.ajol.info/index.php/jemdsa,NA, 003-8-2469, 003-8-2469
Journal of Environmental Extension,https://www.ajol.info/index.php/jext,NA, 1595-5125, 1595-5125
Journal of Ethiopian Medical Practice,https://www.ajol.info/index.php/jemp,NA, 1560-1560, 1560-1560
Journal of Experimental and Clinical Anatomy,https://www.ajol.info/index.php/jeca,NA, 1596-2393, 1596-2393
Journal of Food Technology in Africa,https://www.ajol.info/index.php/jfta,NA, 1028-6098, 1028-6098
Journal of Fundamental and Applied Sciences,https://www.ajol.info/index.php/jfas,NA, 1112-9867, 1112-9867
Journal of History and Diplomatic Studies,https://www.ajol.info/index.php/jhds, 1597-3778, 1597-3778, 1597-3778
Journal of Humanities,https://www.ajol.info/index.php/jh,NA, 1016-0728, 1016-0728
"Journal of Language, Technology & Entrepreneurship in Africa",https://www.ajol.info/index.php/jolte,NA, 1998-1279, 1998-1279
Journal of Librarianship and Information Science in Africa,https://www.ajol.info/index.php/jlisa,NA, 1595-8922, 1595-8922
Journal of Medical and Biomedical Sciences,https://www.ajol.info/index.php/jmbs, 2026-6294,NA, 2026-6294
Journal of Medical Laboratory Science,https://www.ajol.info/index.php/jmls,NA, 1116-1043, 1116-1043
Journal of Medicine and Biomedical Research,https://www.ajol.info/index.php/jmbr,NA, 1596-6941, 1596-6941
Journal of Medicine and Medical Sciences,https://www.ajol.info/index.php/jmms,NA, 1119-3999, 1119-3999
Journal of Medicine in the Tropics,https://www.ajol.info/index.php/jmt,NA, 2276-7096, 2276-7096
Journal of Meteorology and Climate Science,https://www.ajol.info/index.php/jmcs, 2006-7003,NA, 2006-7003
Journal of Mining and Geology,https://www.ajol.info/index.php/jmg,NA, 1116-2775, 1116-2775
"Journal of Modeling, Design and Management of Engineering Systems",https://www.ajol.info/index.php/jmdmes,NA, 1596-3497, 1596-3497
Journal of Obstetrics and Gynaecology of Eastern and Central Africa,https://www.ajol.info/index.php/jogeca, 1012-8867,NA, 1012-8867
Journal of Pharmaceutical and Allied Sciences,https://www.ajol.info/index.php/jophas,NA, 1596-8499, 1596-8499
Journal of Pharmacy & Bioresources,https://www.ajol.info/index.php/jpb,NA, 0189-8442, 0189-8442
Journal of Philosophy and Culture,https://www.ajol.info/index.php/jpc,NA, 0855-6660, 0855-6660
Journal of Phytomedicine and Therapeutics,https://www.ajol.info/index.php/jopat,NA, 1118-1028, 1118-1028
Journal of Psychology in Africa,https://www.ajol.info/index.php/jpa,NA, 1433-0237, 1433-0237
Journal of Religion and Human Relations,https://www.ajol.info/index.php/jrhr, 2006-5442,NA, 2006-5442
"Journal of Research in Forestry, Wildlife and Environment",https://www.ajol.info/index.php/jrfwe, 2141-1778,NA, 2141-1778
Journal of Research in National Development,https://www.ajol.info/index.php/jorind,NA, 1596-8308, 1596-8308
Journal of Science and Sustainable Development,https://www.ajol.info/index.php/jssd, 2070-1748, 2070-1748, 2070-1748
Journal of Science and Technology (Ghana),https://www.ajol.info/index.php/just,NA, 0855-0395, 0855-0395
Journal of Science and Technology (Zambia),https://www.ajol.info/index.php/jost,NA, 1027-4928, 1027-4928
Journal of Social Development in Africa,https://www.ajol.info/index.php/jsda,NA, 1012-1080, 1012-1080
Journal of Sociology and Development,https://www.ajol.info/index.php/jsd, 2507-7783, 2591-6955, 2507-7783
Journal of Sociology and Development,https://www.ajol.info/index.php/jsd, 2507-7783, 2591-6955, 2591-6955
Journal of Student Affairs in Africa,https://www.ajol.info/index.php/jssa,NA, 2307-6267, 2307-6267
Journal of Surgical Technique and Case Report,https://www.ajol.info/index.php/jstcr, 2006-8808, 2006-8808, 2006-8808
Journal of Sustainable Development Law and Policy (The),https://www.ajol.info/index.php/jsdlp, 2467-8406, 2467-8392, 2467-8406
Journal of Sustainable Development Law and Policy (The),https://www.ajol.info/index.php/jsdlp, 2467-8406, 2467-8392, 2467-8392
Journal of Technology and Education in Nigeria,https://www.ajol.info/index.php/joten,NA, 1118-5570, 1118-5570
Journal of the Association of Nigerian Musicologists,https://www.ajol.info/index.php/janm,NA, 1597-0597, 1597-0597
Journal of the Cameroon Academy of Sciences,https://www.ajol.info/index.php/jcas, 2617-3948,NA, 2617-3948
Journal of the Eritrean Medical Association,https://www.ajol.info/index.php/jema, 1998-6017, 1998-6017, 1998-6017
Journal of the Ghana Science Association,https://www.ajol.info/index.php/jgsa,NA, 0855-3823, 0855-3823
Journal of the Musical Arts in Africa,https://www.ajol.info/index.php/jmaa, 1812-1004, 2070-626X, 1812-1004
Journal of the Musical Arts in Africa,https://www.ajol.info/index.php/jmaa, 1812-1004, 2070-626X, 2070-626X
Journal of the Nigerian Association of Mathematical Physics,https://www.ajol.info/index.php/jonamp,NA, 1116-4336, 1116-4336
Journal of the Nigerian Infection Control Association,https://www.ajol.info/index.php/jnica,NA, 1119-1716, 1119-1716
Journal of the Nigerian Optometric Association,https://www.ajol.info/index.php/jnoa, 0795-0039, 0795-0039, 0795-0039
Journal of the Obafemi Awolowo University Medical Student's Association (IFEMED),https://www.ajol.info/index.php/ifemed,NA, 0331-3727, 0331-3727
Journal of the South African Society of Archivists,https://www.ajol.info/index.php/jsasa, 1012-2796,NA, 1012-2796
Journal of Tropical Microbiology and Biotechnology,https://www.ajol.info/index.php/jtmb,NA, 1607-4106, 1607-4106
Journal Tunisien d'ORL et de Chirurgie Cervico-Faciale,https://www.ajol.info/index.php/jtdorl,NA, 1737-7803, 1737-7803
Kanem Journal of Medical Sciences,https://www.ajol.info/index.php/kjms, 2006-4772, 2714-2426, 2006-4772
Kanem Journal of Medical Sciences,https://www.ajol.info/index.php/kjms, 2006-4772, 2714-2426, 2714-2426
KCA Journal of Business Management,https://www.ajol.info/index.php/kjbm, 2072-7992, 2071-2162, 2072-7992
KCA Journal of Business Management,https://www.ajol.info/index.php/kjbm, 2072-7992, 2071-2162, 2071-2162
Kenya Veterinarian,https://www.ajol.info/index.php/kenvet,NA, 0256-5161, 0256-5161
Kioo cha Lugha,https://www.ajol.info/index.php/kcl, 0856-552X, 0856-552X, 0856-552X
Kiswahili,https://www.ajol.info/index.php/ksh,NA, 0023-1886, 0023-1886
Lagos Historical Review,https://www.ajol.info/index.php/lhr,NA, 1596-5031, 1596-5031
Lagos Journal of Library and Information Science,https://www.ajol.info/index.php/ljlis,NA, 1596-9487, 1596-9487
Lagos Notes and Records,https://www.ajol.info/index.php/lnr, 0075-7640, 0075-7640, 0075-7640
"Law, Democracy & Development",https://www.ajol.info/index.php/ldd, 2077-4907, 2077-4907, 2077-4907
LBS Management Review,https://www.ajol.info/index.php/lbsmr,NA, 1118-3713, 1118-3713
Legon Journal of the Humanities,https://www.ajol.info/index.php/ljh, 0855-1502, 2458-746X, 0855-1502
Legon Journal of the Humanities,https://www.ajol.info/index.php/ljh, 0855-1502, 2458-746X, 2458-746X
les cahiers du cread,https://www.ajol.info/index.php/cread, 2437-0568, 1012-0009, 2437-0568
les cahiers du cread,https://www.ajol.info/index.php/cread, 2437-0568, 1012-0009, 1012-0009
Lexikos,https://www.ajol.info/index.php/lex, 1684-4904, 2224-0039, 1684-4904
Lexikos,https://www.ajol.info/index.php/lex, 1684-4904, 2224-0039, 2224-0039
Libyan Journal of Medicine,https://www.ajol.info/index.php/ljm, 1993-2820, 1819-6357, 1993-2820
Libyan Journal of Medicine,https://www.ajol.info/index.php/ljm, 1993-2820, 1819-6357, 1819-6357
Lwati: A Journal of Contemporary Research,https://www.ajol.info/index.php/lwati,NA, 1813-2227, 1813-2227
Madagascar Conservation & Development,https://www.ajol.info/index.php/mcd,NA, 1662-2510, 1662-2510
Makerere Journal of Higher Education,https://www.ajol.info/index.php/majohe, 1816-6822, 2707-6113, 1816-6822
Makerere Journal of Higher Education,https://www.ajol.info/index.php/majohe, 1816-6822, 2707-6113, 2707-6113
Malawi Journal of Science and Technology,https://www.ajol.info/index.php/mjst,NA, 1019-7079, 1019-7079
Malawi Medical Journal,https://www.ajol.info/index.php/mmj, 1995-7262, 1995-7262, 1995-7262
Management & Economics Research Journal,https://www.ajol.info/index.php/merj, 2676-184X, 2710-8856, 2676-184X
Management & Economics Research Journal,https://www.ajol.info/index.php/merj, 2676-184X, 2710-8856, 2710-8856
Marang: Journal of Language and Literature,https://www.ajol.info/index.php/marang,NA, 1816-7659, 1816-7659
Mary Slessor Journal of Medicine,https://www.ajol.info/index.php/msjm, 1119-409X, 1119-409X, 1119-409X
Mathematics Connection,https://www.ajol.info/index.php/mc,NA, 0855-4706, 0855-4706
Medical Journal of Zambia,https://www.ajol.info/index.php/mjz, 0047-651X, 0047-651X, 0047-651X
Mgbakoigba: Journal of African Studies,https://www.ajol.info/index.php/mjas, 2346-7126,NA, 2346-7126
Microbes and Infectious Diseases,https://www.ajol.info/index.php/mid, 2682-4132, 2682-4140, 2682-4132
Microbes and Infectious Diseases,https://www.ajol.info/index.php/mid, 2682-4132, 2682-4140, 2682-4140
Mizan Law Review,https://www.ajol.info/index.php/mlr, 1998-9881, 2309-902X, 1998-9881
Mizan Law Review,https://www.ajol.info/index.php/mlr, 1998-9881, 2309-902X, 2309-902X
Momona Ethiopian Journal of Science,https://www.ajol.info/index.php/mejs, 2073-073X, 2220-184X, 2073-073X
Momona Ethiopian Journal of Science,https://www.ajol.info/index.php/mejs, 2073-073X, 2220-184X, 2220-184X
Moor Journal of Agricultural Research,https://www.ajol.info/index.php/mjar,NA, 1595-4153, 1595-4153
Mtafiti Mwafrika (African Researcher),https://www.ajol.info/index.php/mtafiti,NA, 1607-0011, 1607-0011
New Agenda: South African Journal of Social and Economic Policy,https://www.ajol.info/index.php/na, 1607-2820, 1607-2820, 1607-2820
New Egyptian Journal of Microbiology,https://www.ajol.info/index.php/nejmi,NA, 1687-1219, 1687-1219
Nigeria Agricultural Journal,https://www.ajol.info/index.php/naj,NA, 0300-368X, 0300-368X
Nigeria Journal of Business Administration,https://www.ajol.info/index.php/njbm,NA, 0794-067X, 0794-067X
Nigeria Journal of Pure and Applied Physics,https://www.ajol.info/index.php/njpap,NA, 1596-0862, 1596-0862
Nigerian Dental Journal,https://www.ajol.info/index.php/ndj,NA, 0189-1006, 0189-1006
Nigerian Endocrine Practice,https://www.ajol.info/index.php/nep, 2251-0362,NA, 2251-0362
Nigerian Food Journal,https://www.ajol.info/index.php/nifoj,NA, 0189-7241, 0189-7241
Nigerian Health Journal,https://www.ajol.info/index.php/nhj, 1597-4292,NA, 1597-4292
Nigerian Hospital Practice,https://www.ajol.info/index.php/nhp,NA, 1597-7889, 1597-7889
Nigerian Journal of Animal Production,https://www.ajol.info/index.php/njap,NA, 0331-2062, 0331-2062
Nigerian Journal of Animal Science,https://www.ajol.info/index.php/tjas,NA, 1119-4308, 1119-4308
Nigerian Journal of Basic and Applied Sciences,https://www.ajol.info/index.php/njbas, 0794-5698,NA, 0794-5698
Nigerian Journal of Biotechnology,https://www.ajol.info/index.php/njb, 0189-1731,NA, 0189-1731
Nigerian Journal of Chemical Research,https://www.ajol.info/index.php/njcr,NA, 1119-0221, 1119-0221
Nigerian Journal of Clinical and Counselling Psychology,https://www.ajol.info/index.php/njccp,NA, 1118-4035, 1118-4035
Nigerian Journal of Clinical Medicine,https://www.ajol.info/index.php/njcm, 2141-1123, 2141-1123, 2141-1123
Nigerian Journal of Clinical Practice,https://www.ajol.info/index.php/njcp,NA, 1119-3077, 1119-3077
Nigerian Journal of Dental Research,https://www.ajol.info/index.php/njdr, 2636-4956, 2714-4089, 2636-4956
Nigerian Journal of Dental Research,https://www.ajol.info/index.php/njdr, 2636-4956, 2714-4089, 2714-4089
Nigerian Journal of Family Practice,https://www.ajol.info/index.php/njfp, 2141-9884,NA, 2141-9884
Nigerian Journal of Fisheries,https://www.ajol.info/index.php/njf,NA, 1597-443X, 1597-443X
Nigerian Journal of Gastroenterology and Hepatology,https://www.ajol.info/index.php/njgh, 2251-0079,NA, 2251-0079
Nigerian Journal of General Practice,https://www.ajol.info/index.php/njgp, 1118-4647, 1118-4647, 1118-4647
Nigerian Journal of Genetics,https://www.ajol.info/index.php/njg,NA, 0189-9686, 0189-9686
Nigerian Journal of Guidance and Counselling,https://www.ajol.info/index.php/njgc,NA, 0794-0831, 0794-0831
Nigerian Journal of Health and Biomedical Sciences,https://www.ajol.info/index.php/njhbs,NA, 1595-8272, 1595-8272
Nigerian Journal of Horticultural Science,https://www.ajol.info/index.php/njhs,NA, 1118-2733, 1118-2733
Nigerian Journal of Medicine,https://www.ajol.info/index.php/njm, 1115-2613, 2667-0526, 1115-2613
Nigerian Journal of Medicine,https://www.ajol.info/index.php/njm, 1115-2613, 2667-0526, 2667-0526
Nigerian Journal of Natural Products and Medicine,https://www.ajol.info/index.php/njnpm,NA, 1118-6267, 1118-6267
Nigerian Journal of Nutritional Sciences,https://www.ajol.info/index.php/njns, 0189-0913, 0189-0913, 0189-0913
Nigerian Journal of Ophthalmology,https://www.ajol.info/index.php/njo, 0189-9171, 2468-8363, 0189-9171
Nigerian Journal of Ophthalmology,https://www.ajol.info/index.php/njo, 0189-9171, 2468-8363, 2468-8363
Nigerian Journal of Orthopaedics and Trauma,https://www.ajol.info/index.php/njotra,NA, 1596-4582, 1596-4582
Nigerian Journal of Paediatrics,https://www.ajol.info/index.php/njp,NA, 0302-4660, 0302-4660
Nigerian Journal of Parasitology,https://www.ajol.info/index.php/njpar,NA, 1117-4145, 1117-4145
Nigerian Journal of Pharmaceutical Research,https://www.ajol.info/index.php/njpr,NA, 0189-8434, 0189-8434
Nigerian Journal of Physics,https://www.ajol.info/index.php/njphy,NA, 1595-0611, 1595-0611
Nigerian Journal of Physiological Sciences,https://www.ajol.info/index.php/njps,NA, 0794-859X, 0794-859X
Nigerian Journal of Plastic Surgery,https://www.ajol.info/index.php/njpsur,NA, 0794-9316, 0794-9316
Nigerian Journal of Postgraduate Medicine,https://www.ajol.info/index.php/njpm,NA, 2006-8530, 2006-8530
Nigerian Journal of Psychiatry,https://www.ajol.info/index.php/njpsyc,NA, 0189-1774, 0189-1774
Nigerian Journal of Soil and Environmental Research,https://www.ajol.info/index.php/njser,NA, 1595-6121, 1595-6121
Nigerian Journal of Surgery,https://www.ajol.info/index.php/njs, 1117-6806, 1117-6806, 1117-6806
Nigerian Journal of Surgical Research,https://www.ajol.info/index.php/njsr,NA, 1595-1103, 1595-1103
Nigerian Journal of Surgical Sciences,https://www.ajol.info/index.php/njssci,NA, 1116-5898, 1116-5898
Nigerian Journal of Technological Development,https://www.ajol.info/index.php/njtd, 0189-9546, 2437-2110, 0189-9546
Nigerian Journal of Technological Development,https://www.ajol.info/index.php/njtd, 0189-9546, 2437-2110, 2437-2110
Nigerian Journal of Technological Research,https://www.ajol.info/index.php/njtr, 0795-5111,NA, 0795-5111
Nigerian Journal of Technology,https://www.ajol.info/index.php/njt, 0331-8443, 2467-8821, 0331-8443
Nigerian Journal of Technology,https://www.ajol.info/index.php/njt, 0331-8443, 2467-8821, 2467-8821
Nigerian Libraries,https://www.ajol.info/index.php/jnla,NA, 0029-0122, 0029-0122
Nigerian Medical Journal,https://www.ajol.info/index.php/nmj, 0300-1652, 2229-774X, 0300-1652
Nigerian Medical Journal,https://www.ajol.info/index.php/nmj, 0300-1652, 2229-774X, 2229-774X
Nigerian Medical Practitioner,https://www.ajol.info/index.php/nmp,NA, 0189-0964, 0189-0964
Nigerian Music Review,https://www.ajol.info/index.php/nmr,NA, 1116-428X, 1116-428X
Nigerian Quarterly Journal of Hospital Medicine,https://www.ajol.info/index.php/nqjhm,NA, 0189-2657, 0189-2657
Nigerian School Library Journal,https://www.ajol.info/index.php/nslj, 0331-8214,NA, 0331-8214
Nigerian Veterinary Journal,https://www.ajol.info/index.php/nvj,NA, 0331-3026, 0331-3026
Nnamdi Azikiwe University Journal of International Law and Jurisprudence,https://www.ajol.info/index.php/naujilj, 2276-7371,NA, 2276-7371
Obstetrics and Gynaecology Forum,https://www.ajol.info/index.php/ogf,NA, 1027-9148, 1027-9148
OGIRISI: a New Journal of African Studies,https://www.ajol.info/index.php/og,NA, 1597-474X, 1597-474X
Open Veterinary Journal,https://www.ajol.info/index.php/ovj, 2226-4485, 2218-6050, 2226-4485
Open Veterinary Journal,https://www.ajol.info/index.php/ovj, 2226-4485, 2218-6050, 2218-6050
Orapuh Journal,https://www.ajol.info/index.php/orapj,NA, 2644-3740, 2644-3740
Orient Journal of Medicine,https://www.ajol.info/index.php/ojm,NA, 1115-0521, 1115-0521
ORiON,https://www.ajol.info/index.php/orion,NA, 0529-191-X, 0529-191-X
Oromia Law Journal,https://www.ajol.info/index.php/olj, 2304-8239,NA, 2304-8239
Ostrich: Journal of African Ornithology,https://www.ajol.info/index.php/ostrich, 0030-6525, 1727-947X, 0030-6525
Ostrich: Journal of African Ornithology,https://www.ajol.info/index.php/ostrich, 0030-6525, 1727-947X, 1727-947X
OYE: Ogun Journal of Arts,https://www.ajol.info/index.php/oye,NA, 0795-9478, 0795-9478
Pan African Medical Journal,https://www.ajol.info/index.php/pamj,NA, 1937-8688, 1937-8688
Perspectives in Education,https://www.ajol.info/index.php/pie, 0258-2236,NA, 0258-2236
Philosophical Papers,https://www.ajol.info/index.php/pp,NA, 0556-8641, 0556-8641
Plant Products Research Journal,https://www.ajol.info/index.php/pprj,NA, 1119-2283, 1119-2283
Port Harcourt Medical Journal,https://www.ajol.info/index.php/phmedj,NA, 0795-3038, 0795-3038
Potchefstroom Electronic Law Journal/Potchefstroomse Elektroniese Regsblad,https://www.ajol.info/index.php/pelj,NA, 1727-3781, 1727-3781
Quaestiones Mathematicae,https://www.ajol.info/index.php/qm, 1607-3606, 1727-933X, 1607-3606
Quaestiones Mathematicae,https://www.ajol.info/index.php/qm, 1607-3606, 1727-933X, 1727-933X
Regional Maritime University Journal,https://www.ajol.info/index.php/rmuj, 2026-6324, 2026-6324, 2026-6324
Research in Hospitality Management,https://www.ajol.info/index.php/rhm, 2224-3534, 2415-5152, 2224-3534
Research in Hospitality Management,https://www.ajol.info/index.php/rhm, 2224-3534, 2415-5152, 2415-5152
Research Journal of Health Sciences,https://www.ajol.info/index.php/rejhs, 2360-7793, 2467-8252, 2360-7793
Research Journal of Health Sciences,https://www.ajol.info/index.php/rejhs, 2360-7793, 2467-8252, 2467-8252
Research Review of the Institute of African Studies,https://www.ajol.info/index.php/rrias, 0855-4412, 0855-4412, 0855-4412
Review of Southern African Studies,https://www.ajol.info/index.php/rosas,NA, 1024-4190, 1024-4190
Revue Africaine de Chirurgie et Spécialités,https://www.ajol.info/index.php/racs, 1997-3756, 1997-3756, 1997-3756
Revue Burkinabè de droit,https://www.ajol.info/index.php/rbd,NA, 0773-8439, 0773-8439
Revue d'Information Scientifique et Technique,https://www.ajol.info/index.php/rist,NA, 1111-0015, 1111-0015
Revue de Médecine et de Pharmacie,https://www.ajol.info/index.php/rmp, 2226-2903, 2410-8936, 2226-2903
Revue de Médecine et de Pharmacie,https://www.ajol.info/index.php/rmp, 2226-2903, 2410-8936, 2410-8936
Rwanda Journal,https://www.ajol.info/index.php/rj, 2305-2678,NA, 2305-2678
Rwanda Journal of Agricultural Sciences,https://www.ajol.info/index.php/rjeas,NA, 2707-7209, 2707-7209
"Rwanda Journal of Engineering, Science, Technology and Environment",https://www.ajol.info/index.php/rjeste, 2617-2321, 2617-233X, 2617-2321
"Rwanda Journal of Engineering, Science, Technology and Environment",https://www.ajol.info/index.php/rjeste, 2617-2321, 2617-233X, 2617-233X
Rwanda Journal of Health Sciences,https://www.ajol.info/index.php/rjhs, 2226-728X,NA, 2226-728X
Rwanda Journal of Medicine and Health Sciences,https://www.ajol.info/index.php/rjmhs, 2616-9819, 2616-9827, 2616-9819
Rwanda Journal of Medicine and Health Sciences,https://www.ajol.info/index.php/rjmhs, 2616-9819, 2616-9827, 2616-9827
"Rwanda Journal of Social Sciences, Humanities and Business",https://www.ajol.info/index.php/rjsshb, 2708-759X, 2708-7603, 2708-759X
"Rwanda Journal of Social Sciences, Humanities and Business",https://www.ajol.info/index.php/rjsshb, 2708-759X, 2708-7603, 2708-7603
Rwanda Medical Journal,https://www.ajol.info/index.php/rmj,NA, 2410-8626, 2410-8626
Rwandan Journal of Education,https://www.ajol.info/index.php/rje,NA, 2312-9239, 2312-9239
SA Journal of Radiology,https://www.ajol.info/index.php/sajr, 1027-202X, 2078-6778, 1027-202X
SA Journal of Radiology,https://www.ajol.info/index.php/sajr, 1027-202X, 2078-6778, 2078-6778
SAFERE: Southern African Feminist Review,https://www.ajol.info/index.php/safere,NA, 1024-9451, 1024-9451
SAHARA-J: Journal of Social Aspects of HIV/AIDS,https://www.ajol.info/index.php/saharaj, 1729-0376, 1813-4424, 1729-0376
SAHARA-J: Journal of Social Aspects of HIV/AIDS,https://www.ajol.info/index.php/saharaj, 1729-0376, 1813-4424, 1813-4424
Sahel Journal of Veterinary Sciences,https://www.ajol.info/index.php/sjvs, 1117-6210,NA, 1117-6210
Sahel Medical Journal,https://www.ajol.info/index.php/smj2,NA, 1118-8561, 1118-8561
Samaru Journal of Information Studies,https://www.ajol.info/index.php/sjis,NA, 1596-5414, 1596-5414
Savannah Journal of Medical Research and Practice,https://www.ajol.info/index.php/sjmrp, 2276-6839,NA, 2276-6839
"Science et Technique, Sciences de la Santé",https://www.ajol.info/index.php/stss, 1011-6028,NA, 1011-6028
Science World Journal,https://www.ajol.info/index.php/swj,NA, 1597-6343, 1597-6343
"Science, Technology and Arts Research Journal",https://www.ajol.info/index.php/star, 2226-7522, 2305-3372, 2226-7522
"Science, Technology and Arts Research Journal",https://www.ajol.info/index.php/star, 2226-7522, 2305-3372, 2305-3372
Sciences & Nature,https://www.ajol.info/index.php/scinat,NA, 1812-0741, 1812-0741
Scientia Africana,https://www.ajol.info/index.php/sa, 1118-1931, 1118-1931, 1118-1931
Scientia Militaria: South African Journal of Military Studies,https://www.ajol.info/index.php/smsajms, 1022-8136, 2224-0020, 1022-8136
Scientia Militaria: South African Journal of Military Studies,https://www.ajol.info/index.php/smsajms, 1022-8136, 2224-0020, 2224-0020
Scientific Medical Journal,https://www.ajol.info/index.php/smedj,NA, 1110-5607, 1110-5607
Scopus: Journal of East African Ornithology,https://www.ajol.info/index.php/scopus, 0250-4162, 2313-1799, 0250-4162
Scopus: Journal of East African Ornithology,https://www.ajol.info/index.php/scopus, 0250-4162, 2313-1799, 2313-1799
Securities Market Journal,https://www.ajol.info/index.php/smj,NA, 0189-9759, 0189-9759
Shakespeare in Southern Africa,https://www.ajol.info/index.php/sisa,NA, 1011-582X, 1011-582X
Sierra Leone Journal of Biomedical Research,https://www.ajol.info/index.php/sljbr, 2076-6270, 2076-6270, 2076-6270
SINET: Ethiopian Journal of Science,https://www.ajol.info/index.php/sinet, 0379-2897, 2520-7997, 0379-2897
SINET: Ethiopian Journal of Science,https://www.ajol.info/index.php/sinet, 0379-2897, 2520-7997, 2520-7997
Sokoto Journal of Medical Laboratory Science,https://www.ajol.info/index.php/sokjmls, 2536-7153,NA, 2536-7153
Sokoto Journal of Veterinary Sciences,https://www.ajol.info/index.php/sokjvs, 1595-093X, 1595-093X, 1595-093X
Sophia: An African Journal of Philosophy,https://www.ajol.info/index.php/sophia,NA, 1119-443X, 1119-443X
South African Actuarial Journal,https://www.ajol.info/index.php/saaj,NA, 1680-2179, 1680-2179
South African Crime Quarterly,https://www.ajol.info/index.php/sacq, 1991-3877,NA, 1991-3877
South African Family Practice,https://www.ajol.info/index.php/safp, 2078-6190, 2078-6204, 2078-6190
South African Family Practice,https://www.ajol.info/index.php/safp, 2078-6190, 2078-6204, 2078-6204
South African Gastroenterology Review,https://www.ajol.info/index.php/sagr,NA, 1812-1659, 1812-1659
"South African Journal for Research in Sport, Physical Education and Recreation",https://www.ajol.info/index.php/sajrs, 0379-9069,NA, 0379-9069
South African Journal of African Languages,https://www.ajol.info/index.php/sajal, 0257-2117, 2305-1159, 0257-2117
South African Journal of African Languages,https://www.ajol.info/index.php/sajal, 0257-2117, 2305-1159, 2305-1159
South African Journal of Agricultural Extension,https://www.ajol.info/index.php/sajae, 0301-603X, 2413-3221, 0301-603X
South African Journal of Agricultural Extension,https://www.ajol.info/index.php/sajae, 0301-603X, 2413-3221, 2413-3221
South African Journal of Animal Science,https://www.ajol.info/index.php/sajas, 0375-1589, 2221-4062, 0375-1589
South African Journal of Animal Science,https://www.ajol.info/index.php/sajas, 0375-1589, 2221-4062, 2221-4062
South African Journal of Bioethics and Law,https://www.ajol.info/index.php/sajbl,NA, 1999-7639, 1999-7639
South African Journal of Botany,https://www.ajol.info/index.php/sajb,NA, 0254-6299, 0254-6299
South African Journal of Chemistry,https://www.ajol.info/index.php/sajc,NA, 0379-4350, 0379-4350
South African Journal of Child Health,https://www.ajol.info/index.php/sajchh, 1994-3032, 1999-7671, 1994-3032
South African Journal of Child Health,https://www.ajol.info/index.php/sajchh, 1994-3032, 1999-7671, 1999-7671
South African Journal of Clinical Nutrition,https://www.ajol.info/index.php/sajcn, 2078-6190, 2078-6204, 2078-6190
South African Journal of Clinical Nutrition,https://www.ajol.info/index.php/sajcn, 2078-6190, 2078-6204, 2078-6204
South African Journal of Cultural History,https://www.ajol.info/index.php/sajch,NA, 1011-3053, 1011-3053
South African Journal of Education,https://www.ajol.info/index.php/saje, 0256-0100, 2076-3433, 0256-0100
South African Journal of Education,https://www.ajol.info/index.php/saje, 0256-0100, 2076-3433, 2076-3433
South African Journal of Geomatics,https://www.ajol.info/index.php/sajg,NA, 2225-8531, 2225-8531
South African Journal of Higher Education,https://www.ajol.info/index.php/sajhe,NA, 1011-3487, 1011-3487
South African Journal of Obstetrics and Gynaecology,https://www.ajol.info/index.php/sajog, 0038-2329, 2305-8862, 0038-2329
South African Journal of Obstetrics and Gynaecology,https://www.ajol.info/index.php/sajog, 0038-2329, 2305-8862, 2305-8862
South African Journal of Philosophy,https://www.ajol.info/index.php/sajpem,NA, 0258-0136, 0258-0136
South African Journal of Plant and Soil,https://www.ajol.info/index.php/sajps, 0257-1862, 2167-034X, 0257-1862
South African Journal of Plant and Soil,https://www.ajol.info/index.php/sajps, 0257-1862, 2167-034X, 2167-034X
South African Journal of Psychiatry,https://www.ajol.info/index.php/sajpsyc, 1608-9685, 2078-6786, 1608-9685
South African Journal of Psychiatry,https://www.ajol.info/index.php/sajpsyc, 1608-9685, 2078-6786, 2078-6786
South African Journal of Sports Medicine,https://www.ajol.info/index.php/sasma, 1015-5163, 2078-516X, 1015-5163
South African Journal of Sports Medicine,https://www.ajol.info/index.php/sasma, 1015-5163, 2078-516X, 2078-516X
South African Journal of Science,https://www.ajol.info/index.php/sajsci, 0038-2353, 1996-7489, 0038-2353
South African Journal of Science,https://www.ajol.info/index.php/sajsci, 0038-2353, 1996-7489, 1996-7489
South African Journal of Surgery,https://www.ajol.info/index.php/sajs, 0038-2361, 2078-5151, 0038-2361
South African Journal of Surgery,https://www.ajol.info/index.php/sajs, 0038-2361, 2078-5151, 2078-5151
South African Medical Journal,https://www.ajol.info/index.php/samj, 2078-5135, 0256-95749, 2078-5135
South African Medical Journal,https://www.ajol.info/index.php/samj, 2078-5135, 0256-95749, 0256-95749
South African Music Studies,https://www.ajol.info/index.php/samus,NA, 0258-509X, 0258-509X
South Sudan Medical Journal,https://www.ajol.info/index.php/ssmj, 2309-4605, 2309-4613, 2309-4605
South Sudan Medical Journal,https://www.ajol.info/index.php/ssmj, 2309-4605, 2309-4613, 2309-4613
"Southern Africa Journal of Education, Science and Technology",https://www.ajol.info/index.php/sajest,NA, 1819-3692, 1819-3692
Southern African Business Review,https://www.ajol.info/index.php/sabr, 1561-896X, 1998-8125, 1561-896X
Southern African Business Review,https://www.ajol.info/index.php/sabr, 1561-896X, 1998-8125, 1998-8125
Southern African Journal of Anaesthesia and Analgesia,https://www.ajol.info/index.php/sajaa, 2220-1181, 2220-1173, 2220-1181
Southern African Journal of Anaesthesia and Analgesia,https://www.ajol.info/index.php/sajaa, 2220-1181, 2220-1173, 2220-1173
Southern African Journal of Critical Care,https://www.ajol.info/index.php/sajcc, 1562-8264, 2078-676X, 1562-8264
Southern African Journal of Critical Care,https://www.ajol.info/index.php/sajcc, 1562-8264, 2078-676X, 2078-676X
Southern African Journal of Environmental Education,https://www.ajol.info/index.php/sajee, 1810-0333, 2411-5959, 1810-0333
Southern African Journal of Environmental Education,https://www.ajol.info/index.php/sajee, 1810-0333, 2411-5959, 2411-5959
Southern African Journal of HIV Medicine,https://www.ajol.info/index.php/sajhivm, 1608-9693, 2078-6751, 1608-9693
Southern African Journal of HIV Medicine,https://www.ajol.info/index.php/sajhivm, 1608-9693, 2078-6751, 2078-6751
Southern African Linguistics and Applied Language Studies,https://www.ajol.info/index.php/salas, 1607-3614, 1727-9461, 1607-3614
Southern African Linguistics and Applied Language Studies,https://www.ajol.info/index.php/salas, 1607-3614, 1727-9461, 1727-9461
Southern Forests: a Journal of Forest Science,https://www.ajol.info/index.php/sfjfs, 2070-2620, 2070-2639, 2070-2620
Southern Forests: a Journal of Forest Science,https://www.ajol.info/index.php/sfjfs, 2070-2620, 2070-2639, 2070-2639
Stellenbosch Papers in Linguistics,https://www.ajol.info/index.php/spl, 1027-3417, 2223-9936, 1027-3417
Stellenbosch Papers in Linguistics,https://www.ajol.info/index.php/spl, 1027-3417, 2223-9936, 2223-9936
Stellenbosch Papers in Linguistics Plus,https://www.ajol.info/index.php/splp,NA, 2224-3380, 2224-3380
Studies in Gender and Development in Africa,https://www.ajol.info/index.php/sigada,NA, 0855-9449, 0855-9449
Sud Sciences et Technologies,https://www.ajol.info/index.php/sset,NA, 0796-5419, 0796-5419
Sudan Journal of Medical Sciences,https://www.ajol.info/index.php/sjms,NA, 1858-5051, 1858-5051
Sudanese Journal of Dermatology,https://www.ajol.info/index.php/sjd,NA, 1815-3941, 1815-3941
Synthèse: Revue des Sciences et de la Technologie,https://www.ajol.info/index.php/srst, 1111-4924, 2352-9717, 1111-4924
Synthèse: Revue des Sciences et de la Technologie,https://www.ajol.info/index.php/srst, 1111-4924, 2352-9717, 2352-9717
Tanzania Dental Journal,https://www.ajol.info/index.php/tdj,NA, 0856-0625, 0856-0625
Tanzania Journal of Development Studies,https://www.ajol.info/index.php/tjds, 0856-9622, 2591-6831, 0856-9622
Tanzania Journal of Development Studies,https://www.ajol.info/index.php/tjds, 0856-9622, 2591-6831, 2591-6831
Tanzania Journal of Forestry and Nature Conservation,https://www.ajol.info/index.php/tjfnc, 2408-8129, 2408-8137, 2408-8129
Tanzania Journal of Forestry and Nature Conservation,https://www.ajol.info/index.php/tjfnc, 2408-8129, 2408-8137, 2408-8137
Tanzania Journal of Health Research,https://www.ajol.info/index.php/thrb, 1821-6404, 1821-9241, 1821-6404
Tanzania Journal of Health Research,https://www.ajol.info/index.php/thrb, 1821-6404, 1821-9241, 1821-9241
Tanzania Journal of Science,https://www.ajol.info/index.php/tjs, 0856-1761, 2507-7961, 0856-1761
Tanzania Journal of Science,https://www.ajol.info/index.php/tjs, 0856-1761, 2507-7961, 2507-7961
Tanzania Medical Journal,https://www.ajol.info/index.php/tmj,NA, 0856-0714, 0856-0714
Tanzania Veterinary Journal,https://www.ajol.info/index.php/tvj, 0856-1451, 2714-206X, 0856-1451
Tanzania Veterinary Journal,https://www.ajol.info/index.php/tvj, 0856-1451, 2714-206X, 2714-206X
Technologies Avancées,https://www.ajol.info/index.php/ta,NA, 1111-0902, 1111-0902
Thought and Practice,https://www.ajol.info/index.php/tp, 0251-043X, 2076-7714, 0251-043X
Thought and Practice,https://www.ajol.info/index.php/tp, 0251-043X, 2076-7714, 2076-7714
Town and Regional Planning,https://www.ajol.info/index.php/trp, 1012-280X, 2415-0495, 1012-280X
Town and Regional Planning,https://www.ajol.info/index.php/trp, 1012-280X, 2415-0495, 2415-0495
Transactions of the Zimbabwe Scientific Association,https://www.ajol.info/index.php/tzsa,NA, 0254-2765, 0254-2765
Tropical Freshwater Biology,https://www.ajol.info/index.php/tfb,NA, 0795-0101, 0795-0101
Tropical Journal of Health Sciences,https://www.ajol.info/index.php/tjhc,NA, 1117-4153, 1117-4153
Tropical Journal of Medical Research,https://www.ajol.info/index.php/tjmr,NA, 1119-0388, 1119-0388
Tropical Journal of Obstetrics and Gynaecology,https://www.ajol.info/index.php/tjog,NA, 0189-5117, 0189-5117
Tropical Journal of Pharmaceutical Research,https://www.ajol.info/index.php/tjpr, 1596-5996, 1596-9827, 1596-5996
Tropical Journal of Pharmaceutical Research,https://www.ajol.info/index.php/tjpr, 1596-5996, 1596-9827, 1596-9827
Tropical Veterinarian,https://www.ajol.info/index.php/tv,NA, 0794-4845, 0794-4845
Tydskrif vir letterkunde,https://www.ajol.info/index.php/tvl, 0041-476X, 2309-9070, 0041-476X
Tydskrif vir letterkunde,https://www.ajol.info/index.php/tvl, 0041-476X, 2309-9070, 2309-9070
Uganda Journal,https://www.ajol.info/index.php/uj,NA, 0041-574X, 0041-574X
Uganda Journal of Agricultural Sciences,https://www.ajol.info/index.php/ujas, 1026-0919, 2410-6909, 1026-0919
Uganda Journal of Agricultural Sciences,https://www.ajol.info/index.php/ujas, 1026-0919, 2410-6909, 2410-6909
UJAH: Unizik Journal of Arts and Humanities,https://www.ajol.info/index.php/ujah,NA, 1595-1413, 1595-1413
UNISWA Journal of Agriculture,https://www.ajol.info/index.php/uniswa,NA, 1021-0873, 1021-0873
"UNISWA Research Journal of Agriculture, Science and Technology",https://www.ajol.info/index.php/uniswa-rjast,NA, 1029-9645, 1029-9645
University of Dar es Salaam Library Journal,https://www.ajol.info/index.php/udslj,NA, 0856-1818, 0856-1818
University of Mauritius Research Journal,https://www.ajol.info/index.php/umrj,NA, 1694-0342, 1694-0342
Vulture News,https://www.ajol.info/index.php/vulnew,NA, 1606-7479, 1606-7479
Water SA,https://www.ajol.info/index.php/wsa,NA, 0378-4738, 0378-4738
West African Journal of Applied Ecology,https://www.ajol.info/index.php/wajae,NA, 0855-4307, 0855-4307
West African Journal of Industrial and Academic Research,https://www.ajol.info/index.php/wajiar, 1116-5405,NA, 1116-5405
West African Journal of Medicine,https://www.ajol.info/index.php/wajm,NA, 0189-160X, 0189-160X
West African Journal of Pharmacology and Drug Research,https://www.ajol.info/index.php/wajpdr,NA, 0303-691X, 0303-691X
West African Journal of Radiology,https://www.ajol.info/index.php/wajr,NA, 1115-3474, 1115-3474
Western Indian Ocean Journal of Marine Science,https://www.ajol.info/index.php/wiojms, 0856-860X, 0856-860X, 0856-860X
Zagazig Journal of Occupational Health and Safety,https://www.ajol.info/index.php/zjohs, 1687-8671, 1687-8671, 1687-8671
Zambezia: The Journal of Humanities of the University of Zimbabwe,https://www.ajol.info/index.php/zjh,NA, 0379-0622, 0379-0622
Zede Journal,https://www.ajol.info/index.php/zj, 0514-6216,NA, 0514-6216
Zimbabwe Journal of Educational Research,https://www.ajol.info/index.php/zjer,NA, 1013-3445, 1013-3445
Zimbabwe Journal of Technological Sciences,https://www.ajol.info/index.php/zjts, 2079-8997, 2079-8997, 2079-8997
Zimbabwe Science News,https://www.ajol.info/index.php/zsn,NA, 1016-1503, 1016-1503
Zimbabwe Veterinary Journal,https://www.ajol.info/index.php/zvj,NA, 1016-1511, 1016-1511
Zoologist (The),https://www.ajol.info/index.php/tzool,NA, 1596-972X, 1596-972X
